{
  "Logistic Regression": {
    "metrics": {
      "Accuracy": 0.85065,
      "AUC": 0.904222,
      "Precision": 0.731438,
      "Recall": 0.594098,
      "F1": 0.655653,
      "MCC": 0.566553
    },
    "confusion_matrix": [
      [
        6921,
        510
      ],
      [
        949,
        1389
      ]
    ],
    "classification_report": {
      "0": {
        "precision": 0.8794155019059721,
        "recall": 0.9313685910375454,
        "f1-score": 0.9046467551140448,
        "support": 7431.0
      },
      "1": {
        "precision": 0.731437598736177,
        "recall": 0.5940975192472199,
        "f1-score": 0.6556525843757376,
        "support": 2338.0
      },
      "accuracy": 0.8506500153546934,
      "macro avg": {
        "precision": 0.8054265503210745,
        "recall": 0.7627330551423827,
        "f1-score": 0.7801496697448912,
        "support": 9769.0
      },
      "weighted avg": {
        "precision": 0.8440001740719072,
        "recall": 0.8506500153546934,
        "f1-score": 0.8450553566918764,
        "support": 9769.0
      }
    }
  },
  "Decision Tree": {
    "metrics": {
      "Accuracy": 0.858942,
      "AUC": 0.888741,
      "Precision": 0.769058,
      "Recall": 0.586826,
      "F1": 0.665696,
      "MCC": 0.586839
    },
    "confusion_matrix": [
      [
        7019,
        412
      ],
      [
        966,
        1372
      ]
    ],
    "classification_report": {
      "0": {
        "precision": 0.8790231684408265,
        "recall": 0.9445565872695465,
        "f1-score": 0.9106123508043591,
        "support": 7431.0
      },
      "1": {
        "precision": 0.7690582959641256,
        "recall": 0.5868263473053892,
        "f1-score": 0.6656962639495391,
        "support": 2338.0
      },
      "accuracy": 0.858941549800389,
      "macro avg": {
        "precision": 0.8240407322024761,
        "recall": 0.7656914672874678,
        "f1-score": 0.788154307376949,
        "support": 9769.0
      },
      "weighted avg": {
        "precision": 0.85270544176967,
        "recall": 0.858941549800389,
        "f1-score": 0.8519969540322669,
        "support": 9769.0
      }
    }
  },
  "kNN": {
    "metrics": {
      "Accuracy": 0.844201,
      "AUC": 0.885563,
      "Precision": 0.699609,
      "Recall": 0.611634,
      "F1": 0.65267,
      "MCC": 0.554904
    },
    "confusion_matrix": [
      [
        6817,
        614
      ],
      [
        908,
        1430
      ]
    ],
    "classification_report": {
      "0": {
        "precision": 0.8824595469255664,
        "recall": 0.9173731664648096,
        "f1-score": 0.8995777249934019,
        "support": 7431.0
      },
      "1": {
        "precision": 0.6996086105675147,
        "recall": 0.611633875106929,
        "f1-score": 0.6526700136923779,
        "support": 2338.0
      },
      "accuracy": 0.8442010441191524,
      "macro avg": {
        "precision": 0.7910340787465405,
        "recall": 0.7645035207858693,
        "f1-score": 0.7761238693428899,
        "support": 9769.0
      },
      "weighted avg": {
        "precision": 0.8386981087839834,
        "recall": 0.8442010441191524,
        "f1-score": 0.8404856757537874,
        "support": 9769.0
      }
    }
  },
  "Naive Bayes": {
    "metrics": {
      "Accuracy": 0.571502,
      "AUC": 0.794922,
      "Precision": 0.351733,
      "Recall": 0.937553,
      "F1": 0.511552,
      "MCC": 0.349691
    },
    "confusion_matrix": [
      [
        3391,
        4040
      ],
      [
        146,
        2192
      ]
    ],
    "classification_report": {
      "0": {
        "precision": 0.9587220808594854,
        "recall": 0.45633158390526174,
        "f1-score": 0.6183442742523705,
        "support": 7431.0
      },
      "1": {
        "precision": 0.35173299101412064,
        "recall": 0.9375534644995723,
        "f1-score": 0.5115519253208868,
        "support": 2338.0
      },
      "accuracy": 0.571501689016276,
      "macro avg": {
        "precision": 0.655227535936803,
        "recall": 0.696942524202417,
        "f1-score": 0.5649480997866286,
        "support": 9769.0
      },
      "weighted avg": {
        "precision": 0.8134522997090643,
        "recall": 0.571501689016276,
        "f1-score": 0.5927858228446717,
        "support": 9769.0
      }
    }
  },
  "Random Forest (Ensemble)": {
    "metrics": {
      "Accuracy": 0.855871,
      "AUC": 0.905465,
      "Precision": 0.731805,
      "Recall": 0.627887,
      "F1": 0.675875,
      "MCC": 0.586732
    },
    "confusion_matrix": [
      [
        6893,
        538
      ],
      [
        870,
        1468
      ]
    ],
    "classification_report": {
      "0": {
        "precision": 0.8879299239984542,
        "recall": 0.9276005921141165,
        "f1-score": 0.907331841516388,
        "support": 7431.0
      },
      "1": {
        "precision": 0.7318045862412762,
        "recall": 0.6278870829769033,
        "f1-score": 0.6758747697974218,
        "support": 2338.0
      },
      "accuracy": 0.8558706111167981,
      "macro avg": {
        "precision": 0.8098672551198651,
        "recall": 0.7777438375455099,
        "f1-score": 0.791603305656905,
        "support": 9769.0
      },
      "weighted avg": {
        "precision": 0.8505646829629049,
        "recall": 0.8558706111167981,
        "f1-score": 0.8519375704877318,
        "support": 9769.0
      }
    }
  },
  "XGBoost (Ensemble)": {
    "metrics": {
      "Accuracy": 0.878186,
      "AUC": 0.931005,
      "Precision": 0.788732,
      "Recall": 0.670659,
      "F1": 0.724919,
      "MCC": 0.650858
    },
    "confusion_matrix": [
      [
        7011,
        420
      ],
      [
        770,
        1568
      ]
    ],
    "classification_report": {
      "0": {
        "precision": 0.9010409973011181,
        "recall": 0.9434800161485668,
        "f1-score": 0.9217722850381278,
        "support": 7431.0
      },
      "1": {
        "precision": 0.7887323943661971,
        "recall": 0.6706586826347305,
        "f1-score": 0.7249190938511327,
        "support": 2338.0
      },
      "accuracy": 0.8781860988842256,
      "macro avg": {
        "precision": 0.8448866958336576,
        "recall": 0.8070693493916486,
        "f1-score": 0.8233456894446303,
        "support": 9769.0
      },
      "weighted avg": {
        "precision": 0.8741623491629418,
        "recall": 0.8781860988842256,
        "f1-score": 0.8746597084186996,
        "support": 9769.0
      }
    }
  }
}